MatchId,BotType,Result,TimeMs,TotalClicks
1,RandomBot,DEFEAT,2,2
2,RandomBot,DEFEAT,0,5
3,RandomBot,DEFEAT,0,3
4,RandomBot,VICTORY,1,1
5,RandomBot,DEFEAT,0,7
6,RandomBot,DEFEAT,0,4
7,RandomBot,DEFEAT,1,3
8,RandomBot,DEFEAT,0,2
9,RandomBot,DEFEAT,0,5
10,RandomBot,DEFEAT,1,2
11,RandomBot,DEFEAT,0,3
12,RandomBot,DEFEAT,0,4
13,RandomBot,DEFEAT,0,4
14,RandomBot,DEFEAT,0,6
15,RandomBot,VICTORY,0,1
16,RandomBot,DEFEAT,0,8
17,RandomBot,DEFEAT,0,2
18,RandomBot,DEFEAT,0,3
19,RandomBot,DEFEAT,0,1
20,RandomBot,DEFEAT,1,2
21,RandomBot,VICTORY,0,1
22,RandomBot,VICTORY,1,5
23,RandomBot,DEFEAT,0,2
24,RandomBot,VICTORY,0,2
25,RandomBot,DEFEAT,0,3
26,RandomBot,DEFEAT,0,3
27,RandomBot,VICTORY,0,2
28,RandomBot,VICTORY,0,1
29,RandomBot,DEFEAT,0,4
30,RandomBot,DEFEAT,0,2
31,RandomBot,DEFEAT,0,4
32,RandomBot,DEFEAT,0,3
33,RandomBot,DEFEAT,0,3
34,RandomBot,DEFEAT,1,2
35,RandomBot,DEFEAT,0,3
36,RandomBot,DEFEAT,1,2
37,RandomBot,DEFEAT,1,2
38,RandomBot,VICTORY,0,3
39,RandomBot,DEFEAT,0,2
40,RandomBot,DEFEAT,0,3
41,RandomBot,DEFEAT,0,3
42,RandomBot,DEFEAT,0,4
43,RandomBot,DEFEAT,0,8
44,RandomBot,DEFEAT,0,2
45,RandomBot,DEFEAT,0,5
46,RandomBot,DEFEAT,0,3
47,RandomBot,DEFEAT,0,6
48,RandomBot,DEFEAT,0,2
49,RandomBot,VICTORY,0,1
50,RandomBot,DEFEAT,0,2
51,RandomBot,DEFEAT,0,3
52,RandomBot,DEFEAT,0,2
53,RandomBot,DEFEAT,0,5
54,RandomBot,VICTORY,1,1
55,RandomBot,DEFEAT,0,2
56,RandomBot,DEFEAT,0,4
57,RandomBot,DEFEAT,0,4
58,RandomBot,DEFEAT,0,5
59,RandomBot,DEFEAT,0,3
60,RandomBot,DEFEAT,0,2
61,RandomBot,DEFEAT,0,3
62,RandomBot,DEFEAT,0,3
63,RandomBot,VICTORY,0,4
64,RandomBot,DEFEAT,0,3
65,RandomBot,VICTORY,0,2
66,RandomBot,DEFEAT,0,3
67,RandomBot,DEFEAT,0,1
68,RandomBot,DEFEAT,0,4
69,RandomBot,DEFEAT,0,2
70,RandomBot,VICTORY,0,4
71,RandomBot,DEFEAT,0,3
72,RandomBot,DEFEAT,0,3
73,RandomBot,DEFEAT,0,2
74,RandomBot,VICTORY,1,1
75,RandomBot,DEFEAT,0,3
76,RandomBot,DEFEAT,0,3
77,RandomBot,DEFEAT,0,3
78,RandomBot,DEFEAT,1,2
79,RandomBot,DEFEAT,0,2
80,RandomBot,DEFEAT,0,4
81,RandomBot,VICTORY,0,3
82,RandomBot,DEFEAT,0,2
83,RandomBot,VICTORY,0,1
84,RandomBot,DEFEAT,0,2
85,RandomBot,DEFEAT,0,2
86,RandomBot,DEFEAT,0,4
87,RandomBot,DEFEAT,1,3
88,RandomBot,DEFEAT,0,1
89,RandomBot,DEFEAT,0,2
90,RandomBot,DEFEAT,0,1
91,RandomBot,DEFEAT,0,2
92,RandomBot,DEFEAT,0,2
93,RandomBot,DEFEAT,0,2
94,RandomBot,DEFEAT,0,6
95,RandomBot,DEFEAT,0,2
96,RandomBot,VICTORY,0,1
97,RandomBot,DEFEAT,1,6
98,RandomBot,DEFEAT,0,2
99,RandomBot,DEFEAT,0,2
100,RandomBot,DEFEAT,0,3
101,RandomBot,DEFEAT,0,6
102,RandomBot,VICTORY,0,2
103,RandomBot,DEFEAT,0,3
104,RandomBot,VICTORY,0,1
105,RandomBot,DEFEAT,0,4
106,RandomBot,DEFEAT,0,3
107,RandomBot,DEFEAT,0,3
108,RandomBot,DEFEAT,0,3
109,RandomBot,DEFEAT,0,2
110,RandomBot,VICTORY,0,1
111,RandomBot,DEFEAT,0,3
112,RandomBot,VICTORY,0,4
113,RandomBot,DEFEAT,0,2
114,RandomBot,DEFEAT,0,2
115,RandomBot,DEFEAT,0,3
116,RandomBot,VICTORY,0,1
117,RandomBot,DEFEAT,0,2
118,RandomBot,DEFEAT,0,2
119,RandomBot,VICTORY,0,1
120,RandomBot,DEFEAT,0,3
121,RandomBot,DEFEAT,0,2
122,RandomBot,DEFEAT,0,1
123,RandomBot,DEFEAT,0,5
124,RandomBot,DEFEAT,0,2
125,RandomBot,DEFEAT,0,8
126,RandomBot,DEFEAT,0,2
127,RandomBot,DEFEAT,0,6
128,RandomBot,DEFEAT,0,2
129,RandomBot,DEFEAT,1,4
130,RandomBot,VICTORY,0,1
131,RandomBot,DEFEAT,0,2
132,RandomBot,VICTORY,0,2
133,RandomBot,VICTORY,0,2
134,RandomBot,DEFEAT,0,3
135,RandomBot,DEFEAT,0,2
136,RandomBot,DEFEAT,0,2
137,RandomBot,DEFEAT,0,2
138,RandomBot,DEFEAT,0,3
139,RandomBot,DEFEAT,0,4
140,RandomBot,DEFEAT,0,2
141,RandomBot,DEFEAT,0,3
142,RandomBot,DEFEAT,0,3
143,RandomBot,DEFEAT,0,2
144,RandomBot,DEFEAT,0,2
145,RandomBot,DEFEAT,0,5
146,RandomBot,DEFEAT,0,2
147,RandomBot,VICTORY,0,2
148,RandomBot,DEFEAT,0,2
149,RandomBot,VICTORY,0,1
150,RandomBot,DEFEAT,0,2
151,RandomBot,DEFEAT,0,2
152,RandomBot,DEFEAT,0,4
153,RandomBot,DEFEAT,0,3
154,RandomBot,DEFEAT,1,5
155,RandomBot,DEFEAT,0,2
156,RandomBot,DEFEAT,0,2
157,RandomBot,DEFEAT,0,3
158,RandomBot,DEFEAT,0,2
159,RandomBot,VICTORY,0,3
160,RandomBot,DEFEAT,0,4
161,RandomBot,VICTORY,0,4
162,RandomBot,DEFEAT,0,5
163,RandomBot,DEFEAT,0,2
164,RandomBot,DEFEAT,0,3
165,RandomBot,DEFEAT,0,4
166,RandomBot,VICTORY,0,2
167,RandomBot,DEFEAT,0,2
168,RandomBot,VICTORY,0,2
169,RandomBot,DEFEAT,0,4
170,RandomBot,VICTORY,0,1
171,RandomBot,DEFEAT,0,7
172,RandomBot,VICTORY,0,1
173,RandomBot,DEFEAT,0,3
174,RandomBot,VICTORY,0,1
175,RandomBot,DEFEAT,0,3
176,RandomBot,VICTORY,0,3
177,RandomBot,DEFEAT,0,2
178,RandomBot,DEFEAT,0,5
179,RandomBot,DEFEAT,0,2
180,RandomBot,VICTORY,0,2
181,RandomBot,DEFEAT,0,2
182,RandomBot,DEFEAT,0,6
183,RandomBot,VICTORY,0,1
184,RandomBot,DEFEAT,0,4
185,RandomBot,DEFEAT,0,2
186,RandomBot,DEFEAT,0,2
187,RandomBot,DEFEAT,0,3
188,RandomBot,DEFEAT,0,4
189,RandomBot,DEFEAT,0,3
190,RandomBot,DEFEAT,0,3
191,RandomBot,DEFEAT,0,4
192,RandomBot,VICTORY,0,5
193,RandomBot,DEFEAT,0,2
194,RandomBot,DEFEAT,0,2
195,RandomBot,VICTORY,0,1
196,RandomBot,DEFEAT,0,1
197,RandomBot,VICTORY,0,2
198,RandomBot,VICTORY,0,2
199,RandomBot,DEFEAT,0,3
200,RandomBot,DEFEAT,0,2
201,RandomBot,VICTORY,0,1
202,RandomBot,VICTORY,0,1
203,RandomBot,DEFEAT,0,3
204,RandomBot,DEFEAT,0,3
205,RandomBot,DEFEAT,0,3
206,RandomBot,DEFEAT,0,3
207,RandomBot,VICTORY,0,4
208,RandomBot,DEFEAT,0,2
209,RandomBot,VICTORY,0,2
210,RandomBot,DEFEAT,0,2
211,RandomBot,VICTORY,0,1
212,RandomBot,DEFEAT,0,2
213,RandomBot,DEFEAT,0,3
214,RandomBot,DEFEAT,1,2
215,RandomBot,DEFEAT,0,2
216,RandomBot,DEFEAT,0,9
217,RandomBot,DEFEAT,0,1
218,RandomBot,DEFEAT,0,4
219,RandomBot,DEFEAT,0,3
220,RandomBot,DEFEAT,0,4
221,RandomBot,DEFEAT,0,1
222,RandomBot,DEFEAT,0,2
223,RandomBot,DEFEAT,0,3
224,RandomBot,DEFEAT,0,2
225,RandomBot,DEFEAT,0,2
226,RandomBot,DEFEAT,0,3
227,RandomBot,DEFEAT,0,4
228,RandomBot,DEFEAT,0,3
229,RandomBot,DEFEAT,0,2
230,RandomBot,DEFEAT,0,2
231,RandomBot,DEFEAT,0,2
232,RandomBot,DEFEAT,2,5
233,RandomBot,DEFEAT,1,3
234,RandomBot,VICTORY,0,6
235,RandomBot,DEFEAT,0,6
236,RandomBot,DEFEAT,0,4
237,RandomBot,DEFEAT,0,4
238,RandomBot,DEFEAT,0,3
239,RandomBot,DEFEAT,0,2
240,RandomBot,DEFEAT,0,3
241,RandomBot,DEFEAT,0,2
242,RandomBot,VICTORY,0,1
243,RandomBot,DEFEAT,0,6
244,RandomBot,DEFEAT,0,2
245,RandomBot,DEFEAT,0,2
246,RandomBot,VICTORY,0,1
247,RandomBot,DEFEAT,0,2
248,RandomBot,DEFEAT,0,4
249,RandomBot,DEFEAT,0,3
250,RandomBot,DEFEAT,0,1
251,RandomBot,DEFEAT,0,4
252,RandomBot,DEFEAT,0,3
253,RandomBot,DEFEAT,0,3
254,RandomBot,DEFEAT,0,2
255,RandomBot,DEFEAT,0,2
256,RandomBot,DEFEAT,0,2
257,RandomBot,VICTORY,0,2
258,RandomBot,DEFEAT,0,2
259,RandomBot,DEFEAT,0,2
260,RandomBot,VICTORY,0,2
261,RandomBot,DEFEAT,0,2
262,RandomBot,VICTORY,0,3
263,RandomBot,VICTORY,0,3
264,RandomBot,DEFEAT,0,3
265,RandomBot,DEFEAT,0,3
266,RandomBot,DEFEAT,0,2
267,RandomBot,DEFEAT,0,3
268,RandomBot,DEFEAT,0,2
269,RandomBot,DEFEAT,0,2
270,RandomBot,DEFEAT,0,3
271,RandomBot,DEFEAT,0,3
272,RandomBot,DEFEAT,0,2
273,RandomBot,DEFEAT,0,1
274,RandomBot,VICTORY,0,2
275,RandomBot,DEFEAT,0,3
276,RandomBot,DEFEAT,0,4
277,RandomBot,DEFEAT,0,3
278,RandomBot,DEFEAT,0,2
279,RandomBot,DEFEAT,0,4
280,RandomBot,DEFEAT,0,2
281,RandomBot,DEFEAT,0,4
282,RandomBot,DEFEAT,0,5
283,RandomBot,DEFEAT,0,3
284,RandomBot,DEFEAT,0,2
285,RandomBot,DEFEAT,0,1
286,RandomBot,DEFEAT,0,2
287,RandomBot,DEFEAT,0,4
288,RandomBot,DEFEAT,0,3
289,RandomBot,VICTORY,0,3
290,RandomBot,DEFEAT,0,2
291,RandomBot,VICTORY,0,3
292,RandomBot,DEFEAT,0,2
293,RandomBot,DEFEAT,0,3
294,RandomBot,DEFEAT,0,2
295,RandomBot,DEFEAT,0,1
296,RandomBot,VICTORY,0,2
297,RandomBot,DEFEAT,0,5
298,RandomBot,DEFEAT,0,3
299,RandomBot,DEFEAT,0,2
300,RandomBot,DEFEAT,0,3
301,RandomBot,DEFEAT,0,2
302,RandomBot,DEFEAT,0,5
303,RandomBot,DEFEAT,0,3
304,RandomBot,VICTORY,0,1
305,RandomBot,DEFEAT,0,2
306,RandomBot,DEFEAT,0,3
307,RandomBot,VICTORY,0,2
308,RandomBot,DEFEAT,0,2
309,RandomBot,DEFEAT,0,5
310,RandomBot,DEFEAT,0,4
311,RandomBot,DEFEAT,0,2
312,RandomBot,VICTORY,0,3
313,RandomBot,DEFEAT,0,4
314,RandomBot,DEFEAT,0,2
315,RandomBot,DEFEAT,0,2
316,RandomBot,VICTORY,0,1
317,RandomBot,DEFEAT,0,3
318,RandomBot,DEFEAT,0,2
319,RandomBot,DEFEAT,0,3
320,RandomBot,DEFEAT,0,5
321,RandomBot,DEFEAT,0,3
322,RandomBot,DEFEAT,0,5
323,RandomBot,DEFEAT,0,2
324,RandomBot,DEFEAT,0,4
325,RandomBot,DEFEAT,0,4
326,RandomBot,DEFEAT,0,2
327,RandomBot,VICTORY,0,3
328,RandomBot,DEFEAT,0,2
329,RandomBot,DEFEAT,0,3
330,RandomBot,DEFEAT,0,2
331,RandomBot,DEFEAT,0,2
332,RandomBot,DEFEAT,0,3
333,RandomBot,DEFEAT,0,5
334,RandomBot,DEFEAT,0,1
335,RandomBot,VICTORY,0,1
336,RandomBot,DEFEAT,0,3
337,RandomBot,DEFEAT,0,3
338,RandomBot,DEFEAT,0,3
339,RandomBot,VICTORY,0,2
340,RandomBot,DEFEAT,0,3
341,RandomBot,DEFEAT,0,2
342,RandomBot,DEFEAT,0,2
343,RandomBot,DEFEAT,0,3
344,RandomBot,DEFEAT,0,4
345,RandomBot,DEFEAT,0,2
346,RandomBot,DEFEAT,0,4
347,RandomBot,DEFEAT,0,3
348,RandomBot,DEFEAT,0,2
349,RandomBot,DEFEAT,0,2
350,RandomBot,VICTORY,0,3
351,RandomBot,DEFEAT,0,3
352,RandomBot,DEFEAT,0,4
353,RandomBot,DEFEAT,0,2
354,RandomBot,VICTORY,0,2
355,RandomBot,DEFEAT,0,2
356,RandomBot,DEFEAT,0,3
357,RandomBot,DEFEAT,0,3
358,RandomBot,DEFEAT,0,2
359,RandomBot,DEFEAT,0,3
360,RandomBot,VICTORY,0,2
361,RandomBot,DEFEAT,0,3
362,RandomBot,DEFEAT,0,3
363,RandomBot,DEFEAT,0,4
364,RandomBot,DEFEAT,0,3
365,RandomBot,DEFEAT,0,2
366,RandomBot,DEFEAT,0,2
367,RandomBot,DEFEAT,0,4
368,RandomBot,DEFEAT,0,3
369,RandomBot,DEFEAT,0,2
370,RandomBot,DEFEAT,0,2
371,RandomBot,DEFEAT,0,8
372,RandomBot,DEFEAT,0,4
373,RandomBot,DEFEAT,0,2
374,RandomBot,DEFEAT,0,2
375,RandomBot,DEFEAT,0,3
376,RandomBot,DEFEAT,0,2
377,RandomBot,DEFEAT,0,3
378,RandomBot,VICTORY,0,2
379,RandomBot,DEFEAT,0,2
380,RandomBot,DEFEAT,0,5
381,RandomBot,DEFEAT,0,3
382,RandomBot,DEFEAT,0,5
383,RandomBot,DEFEAT,0,5
384,RandomBot,VICTORY,0,1
385,RandomBot,VICTORY,0,3
386,RandomBot,VICTORY,0,1
387,RandomBot,DEFEAT,0,4
388,RandomBot,DEFEAT,0,3
389,RandomBot,VICTORY,0,1
390,RandomBot,DEFEAT,0,3
391,RandomBot,VICTORY,0,2
392,RandomBot,DEFEAT,0,5
393,RandomBot,VICTORY,0,1
394,RandomBot,VICTORY,0,1
395,RandomBot,DEFEAT,0,4
396,RandomBot,VICTORY,0,4
397,RandomBot,DEFEAT,0,5
398,RandomBot,DEFEAT,0,6
399,RandomBot,DEFEAT,0,2
400,RandomBot,DEFEAT,0,3
401,RandomBot,DEFEAT,0,7
402,RandomBot,DEFEAT,0,2
403,RandomBot,DEFEAT,0,3
404,RandomBot,DEFEAT,0,1
405,RandomBot,DEFEAT,0,2
406,RandomBot,DEFEAT,0,3
407,RandomBot,DEFEAT,0,2
408,RandomBot,DEFEAT,0,2
409,RandomBot,DEFEAT,0,3
410,RandomBot,DEFEAT,0,3
411,RandomBot,DEFEAT,0,4
412,RandomBot,DEFEAT,0,2
413,RandomBot,DEFEAT,0,4
414,RandomBot,DEFEAT,0,4
415,RandomBot,DEFEAT,0,3
416,RandomBot,DEFEAT,0,4
417,RandomBot,DEFEAT,0,3
418,RandomBot,DEFEAT,0,2
419,RandomBot,VICTORY,0,2
420,RandomBot,DEFEAT,0,4
421,RandomBot,DEFEAT,0,4
422,RandomBot,DEFEAT,0,4
423,RandomBot,DEFEAT,0,2
424,RandomBot,DEFEAT,0,2
425,RandomBot,DEFEAT,0,3
426,RandomBot,DEFEAT,0,3
427,RandomBot,DEFEAT,0,3
428,RandomBot,DEFEAT,0,2
429,RandomBot,VICTORY,0,3
430,RandomBot,DEFEAT,0,2
431,RandomBot,VICTORY,0,1
432,RandomBot,DEFEAT,0,1
433,RandomBot,DEFEAT,0,2
434,RandomBot,DEFEAT,0,2
435,RandomBot,DEFEAT,0,3
436,RandomBot,DEFEAT,0,5
437,RandomBot,DEFEAT,0,4
438,RandomBot,DEFEAT,0,3
439,RandomBot,VICTORY,0,3
440,RandomBot,DEFEAT,0,1
441,RandomBot,DEFEAT,0,7
442,RandomBot,VICTORY,0,1
443,RandomBot,DEFEAT,0,2
444,RandomBot,DEFEAT,0,4
445,RandomBot,DEFEAT,0,5
446,RandomBot,DEFEAT,0,5
447,RandomBot,DEFEAT,0,1
448,RandomBot,VICTORY,0,4
449,RandomBot,VICTORY,0,3
450,RandomBot,DEFEAT,0,2
451,RandomBot,DEFEAT,0,3
452,RandomBot,VICTORY,0,2
453,RandomBot,DEFEAT,0,2
454,RandomBot,VICTORY,0,3
455,RandomBot,DEFEAT,0,3
456,RandomBot,DEFEAT,0,4
457,RandomBot,DEFEAT,0,2
458,RandomBot,DEFEAT,0,3
459,RandomBot,DEFEAT,0,1
460,RandomBot,DEFEAT,0,5
461,RandomBot,DEFEAT,0,2
462,RandomBot,DEFEAT,0,4
463,RandomBot,DEFEAT,0,2
464,RandomBot,VICTORY,0,1
465,RandomBot,DEFEAT,0,2
466,RandomBot,DEFEAT,0,3
467,RandomBot,DEFEAT,0,2
468,RandomBot,VICTORY,0,2
469,RandomBot,VICTORY,0,2
470,RandomBot,DEFEAT,0,7
471,RandomBot,DEFEAT,0,5
472,RandomBot,DEFEAT,0,5
473,RandomBot,DEFEAT,0,3
474,RandomBot,DEFEAT,0,3
475,RandomBot,DEFEAT,0,5
476,RandomBot,DEFEAT,0,4
477,RandomBot,DEFEAT,0,4
478,RandomBot,DEFEAT,0,3
479,RandomBot,VICTORY,0,1
480,RandomBot,VICTORY,0,1
481,RandomBot,VICTORY,0,1
482,RandomBot,DEFEAT,0,4
483,RandomBot,VICTORY,0,2
484,RandomBot,DEFEAT,0,2
485,RandomBot,DEFEAT,0,3
486,RandomBot,VICTORY,0,3
487,RandomBot,DEFEAT,0,4
488,RandomBot,DEFEAT,0,2
489,RandomBot,DEFEAT,0,3
490,RandomBot,VICTORY,0,1
491,RandomBot,DEFEAT,0,4
492,RandomBot,DEFEAT,0,2
493,RandomBot,DEFEAT,0,3
494,RandomBot,DEFEAT,0,3
495,RandomBot,DEFEAT,0,3
496,RandomBot,DEFEAT,0,2
497,RandomBot,DEFEAT,0,2
498,RandomBot,DEFEAT,0,5
499,RandomBot,DEFEAT,0,2
500,RandomBot,VICTORY,0,4
501,RandomBot,DEFEAT,0,4
502,RandomBot,DEFEAT,0,5
503,RandomBot,DEFEAT,0,2
504,RandomBot,DEFEAT,0,2
505,RandomBot,VICTORY,0,4
506,RandomBot,VICTORY,0,3
507,RandomBot,DEFEAT,0,2
508,RandomBot,DEFEAT,0,3
509,RandomBot,DEFEAT,0,3
510,RandomBot,DEFEAT,0,3
511,RandomBot,DEFEAT,0,4
512,RandomBot,DEFEAT,0,4
513,RandomBot,DEFEAT,0,4
514,RandomBot,VICTORY,0,1
515,RandomBot,DEFEAT,0,2
516,RandomBot,DEFEAT,0,1
517,RandomBot,DEFEAT,0,3
518,RandomBot,VICTORY,0,1
519,RandomBot,VICTORY,0,1
520,RandomBot,VICTORY,0,4
521,RandomBot,DEFEAT,0,4
522,RandomBot,DEFEAT,0,5
523,RandomBot,VICTORY,0,2
524,RandomBot,DEFEAT,0,2
525,RandomBot,DEFEAT,0,4
526,RandomBot,DEFEAT,0,3
527,RandomBot,DEFEAT,0,2
528,RandomBot,VICTORY,0,2
529,RandomBot,DEFEAT,0,3
530,RandomBot,VICTORY,0,1
531,RandomBot,DEFEAT,0,6
532,RandomBot,DEFEAT,0,2
533,RandomBot,VICTORY,0,2
534,RandomBot,DEFEAT,0,6
535,RandomBot,DEFEAT,0,4
536,RandomBot,DEFEAT,0,5
537,RandomBot,VICTORY,0,2
538,RandomBot,DEFEAT,0,2
539,RandomBot,VICTORY,0,3
540,RandomBot,VICTORY,0,6
541,RandomBot,DEFEAT,0,3
542,RandomBot,DEFEAT,0,2
543,RandomBot,DEFEAT,0,2
544,RandomBot,VICTORY,0,1
545,RandomBot,DEFEAT,0,2
546,RandomBot,DEFEAT,0,2
547,RandomBot,DEFEAT,0,5
548,RandomBot,DEFEAT,0,5
549,RandomBot,DEFEAT,0,2
550,RandomBot,VICTORY,0,1
551,RandomBot,DEFEAT,0,2
552,RandomBot,VICTORY,0,2
553,RandomBot,DEFEAT,0,2
554,RandomBot,DEFEAT,0,2
555,RandomBot,DEFEAT,0,5
556,RandomBot,DEFEAT,0,3
557,RandomBot,DEFEAT,0,4
558,RandomBot,VICTORY,0,2
559,RandomBot,DEFEAT,0,3
560,RandomBot,DEFEAT,0,3
561,RandomBot,DEFEAT,0,2
562,RandomBot,DEFEAT,0,2
563,RandomBot,DEFEAT,0,3
564,RandomBot,DEFEAT,0,7
565,RandomBot,DEFEAT,0,2
566,RandomBot,VICTORY,0,1
567,RandomBot,DEFEAT,0,3
568,RandomBot,DEFEAT,0,6
569,RandomBot,DEFEAT,0,6
570,RandomBot,DEFEAT,0,6
571,RandomBot,VICTORY,0,2
572,RandomBot,DEFEAT,0,2
573,RandomBot,VICTORY,0,3
574,RandomBot,DEFEAT,0,2
575,RandomBot,DEFEAT,0,3
576,RandomBot,VICTORY,0,1
577,RandomBot,DEFEAT,0,2
578,RandomBot,DEFEAT,0,1
579,RandomBot,DEFEAT,0,2
580,RandomBot,DEFEAT,0,3
581,RandomBot,DEFEAT,0,3
582,RandomBot,DEFEAT,0,3
583,RandomBot,DEFEAT,0,3
584,RandomBot,DEFEAT,0,2
585,RandomBot,VICTORY,0,2
586,RandomBot,DEFEAT,0,3
587,RandomBot,DEFEAT,0,3
588,RandomBot,DEFEAT,0,3
589,RandomBot,DEFEAT,0,2
590,RandomBot,DEFEAT,0,1
591,RandomBot,DEFEAT,0,2
592,RandomBot,DEFEAT,0,4
593,RandomBot,DEFEAT,0,1
594,RandomBot,DEFEAT,0,2
595,RandomBot,DEFEAT,0,4
596,RandomBot,DEFEAT,0,3
597,RandomBot,DEFEAT,0,2
598,RandomBot,VICTORY,0,2
599,RandomBot,VICTORY,0,1
600,RandomBot,DEFEAT,0,3
601,RandomBot,DEFEAT,0,3
602,RandomBot,DEFEAT,0,2
603,RandomBot,DEFEAT,0,2
604,RandomBot,DEFEAT,0,5
605,RandomBot,VICTORY,0,1
606,RandomBot,VICTORY,0,3
607,RandomBot,VICTORY,0,1
608,RandomBot,DEFEAT,0,2
609,RandomBot,DEFEAT,0,2
610,RandomBot,DEFEAT,0,3
611,RandomBot,DEFEAT,0,2
612,RandomBot,VICTORY,0,2
613,RandomBot,VICTORY,0,3
614,RandomBot,DEFEAT,0,3
615,RandomBot,DEFEAT,0,3
616,RandomBot,DEFEAT,0,4
617,RandomBot,VICTORY,0,2
618,RandomBot,VICTORY,0,1
619,RandomBot,DEFEAT,0,6
620,RandomBot,VICTORY,0,3
621,RandomBot,DEFEAT,0,2
622,RandomBot,DEFEAT,0,1
623,RandomBot,DEFEAT,0,4
624,RandomBot,DEFEAT,0,3
625,RandomBot,VICTORY,0,1
626,RandomBot,DEFEAT,0,2
627,RandomBot,DEFEAT,0,4
628,RandomBot,DEFEAT,0,5
629,RandomBot,DEFEAT,0,3
630,RandomBot,DEFEAT,0,4
631,RandomBot,DEFEAT,0,2
632,RandomBot,DEFEAT,0,2
633,RandomBot,DEFEAT,0,3
634,RandomBot,VICTORY,0,1
635,RandomBot,DEFEAT,0,3
636,RandomBot,VICTORY,0,5
637,RandomBot,DEFEAT,0,5
638,RandomBot,DEFEAT,0,3
639,RandomBot,DEFEAT,0,3
640,RandomBot,VICTORY,0,3
641,RandomBot,DEFEAT,0,3
642,RandomBot,DEFEAT,0,3
643,RandomBot,DEFEAT,0,5
644,RandomBot,VICTORY,0,1
645,RandomBot,DEFEAT,0,2
646,RandomBot,DEFEAT,0,4
647,RandomBot,DEFEAT,0,5
648,RandomBot,DEFEAT,0,2
649,RandomBot,DEFEAT,0,3
650,RandomBot,DEFEAT,0,2
651,RandomBot,DEFEAT,0,2
652,RandomBot,DEFEAT,0,3
653,RandomBot,DEFEAT,0,2
654,RandomBot,DEFEAT,0,2
655,RandomBot,DEFEAT,0,2
656,RandomBot,VICTORY,0,3
657,RandomBot,DEFEAT,0,3
658,RandomBot,DEFEAT,0,3
659,RandomBot,DEFEAT,0,4
660,RandomBot,DEFEAT,0,3
661,RandomBot,DEFEAT,0,2
662,RandomBot,DEFEAT,0,6
663,RandomBot,DEFEAT,0,7
664,RandomBot,DEFEAT,0,2
665,RandomBot,DEFEAT,0,2
666,RandomBot,DEFEAT,0,2
667,RandomBot,DEFEAT,0,2
668,RandomBot,DEFEAT,0,2
669,RandomBot,DEFEAT,0,3
670,RandomBot,DEFEAT,0,5
671,RandomBot,VICTORY,0,3
672,RandomBot,DEFEAT,0,4
673,RandomBot,DEFEAT,0,3
674,RandomBot,VICTORY,0,1
675,RandomBot,VICTORY,0,1
676,RandomBot,DEFEAT,0,2
677,RandomBot,DEFEAT,0,2
678,RandomBot,DEFEAT,0,4
679,RandomBot,DEFEAT,0,1
680,RandomBot,VICTORY,0,1
681,RandomBot,VICTORY,0,1
682,RandomBot,VICTORY,0,1
683,RandomBot,DEFEAT,0,1
684,RandomBot,DEFEAT,0,2
685,RandomBot,DEFEAT,0,2
686,RandomBot,DEFEAT,0,3
687,RandomBot,DEFEAT,0,4
688,RandomBot,DEFEAT,0,4
689,RandomBot,DEFEAT,0,1
690,RandomBot,DEFEAT,0,2
691,RandomBot,DEFEAT,0,2
692,RandomBot,DEFEAT,0,2
693,RandomBot,DEFEAT,0,3
694,RandomBot,DEFEAT,0,2
695,RandomBot,VICTORY,0,5
696,RandomBot,DEFEAT,0,3
697,RandomBot,DEFEAT,0,4
698,RandomBot,DEFEAT,0,3
699,RandomBot,DEFEAT,0,2
700,RandomBot,DEFEAT,0,1
701,RandomBot,DEFEAT,0,3
702,RandomBot,DEFEAT,0,3
703,RandomBot,DEFEAT,0,3
704,RandomBot,VICTORY,0,4
705,RandomBot,DEFEAT,0,3
706,RandomBot,DEFEAT,0,1
707,RandomBot,DEFEAT,0,6
708,RandomBot,VICTORY,0,1
709,RandomBot,DEFEAT,0,2
710,RandomBot,DEFEAT,0,3
711,RandomBot,VICTORY,0,1
712,RandomBot,DEFEAT,0,2
713,RandomBot,DEFEAT,0,4
714,RandomBot,DEFEAT,0,3
715,RandomBot,DEFEAT,0,4
716,RandomBot,DEFEAT,0,5
717,RandomBot,DEFEAT,0,3
718,RandomBot,DEFEAT,0,1
719,RandomBot,VICTORY,0,4
720,RandomBot,DEFEAT,0,2
721,RandomBot,DEFEAT,0,4
722,RandomBot,DEFEAT,0,2
723,RandomBot,VICTORY,0,1
724,RandomBot,DEFEAT,0,4
725,RandomBot,VICTORY,0,1
726,RandomBot,DEFEAT,0,2
727,RandomBot,DEFEAT,0,1
728,RandomBot,DEFEAT,0,2
729,RandomBot,DEFEAT,0,2
730,RandomBot,DEFEAT,0,5
731,RandomBot,DEFEAT,0,1
732,RandomBot,DEFEAT,0,2
733,RandomBot,VICTORY,0,2
734,RandomBot,DEFEAT,0,2
735,RandomBot,DEFEAT,0,2
736,RandomBot,VICTORY,0,5
737,RandomBot,DEFEAT,0,3
738,RandomBot,DEFEAT,0,3
739,RandomBot,DEFEAT,0,4
740,RandomBot,DEFEAT,0,2
741,RandomBot,VICTORY,0,2
742,RandomBot,DEFEAT,0,4
743,RandomBot,DEFEAT,0,4
744,RandomBot,VICTORY,0,3
745,RandomBot,DEFEAT,0,8
746,RandomBot,DEFEAT,0,4
747,RandomBot,DEFEAT,0,3
748,RandomBot,DEFEAT,0,3
749,RandomBot,DEFEAT,0,1
750,RandomBot,DEFEAT,0,2
751,RandomBot,DEFEAT,0,4
752,RandomBot,VICTORY,0,1
753,RandomBot,DEFEAT,0,2
754,RandomBot,VICTORY,0,1
755,RandomBot,DEFEAT,0,3
756,RandomBot,DEFEAT,0,2
757,RandomBot,DEFEAT,0,3
758,RandomBot,DEFEAT,0,5
759,RandomBot,DEFEAT,0,2
760,RandomBot,DEFEAT,0,2
761,RandomBot,DEFEAT,0,2
762,RandomBot,DEFEAT,0,2
763,RandomBot,DEFEAT,0,2
764,RandomBot,VICTORY,0,1
765,RandomBot,DEFEAT,0,2
766,RandomBot,DEFEAT,0,1
767,RandomBot,DEFEAT,0,7
768,RandomBot,DEFEAT,0,2
769,RandomBot,VICTORY,0,1
770,RandomBot,DEFEAT,0,4
771,RandomBot,DEFEAT,0,3
772,RandomBot,DEFEAT,0,4
773,RandomBot,VICTORY,0,3
774,RandomBot,DEFEAT,0,2
775,RandomBot,VICTORY,0,1
776,RandomBot,DEFEAT,0,3
777,RandomBot,DEFEAT,0,2
778,RandomBot,VICTORY,0,2
779,RandomBot,DEFEAT,0,2
780,RandomBot,DEFEAT,0,2
781,RandomBot,DEFEAT,0,2
782,RandomBot,DEFEAT,0,2
783,RandomBot,VICTORY,0,3
784,RandomBot,DEFEAT,0,2
785,RandomBot,VICTORY,0,1
786,RandomBot,DEFEAT,0,2
787,RandomBot,DEFEAT,0,3
788,RandomBot,DEFEAT,0,4
789,RandomBot,DEFEAT,0,2
790,RandomBot,DEFEAT,0,5
791,RandomBot,DEFEAT,0,2
792,RandomBot,DEFEAT,0,2
793,RandomBot,DEFEAT,0,2
794,RandomBot,DEFEAT,0,2
795,RandomBot,DEFEAT,0,3
796,RandomBot,VICTORY,0,1
797,RandomBot,VICTORY,0,1
798,RandomBot,DEFEAT,0,2
799,RandomBot,DEFEAT,0,3
800,RandomBot,DEFEAT,0,3
801,RandomBot,DEFEAT,0,1
802,RandomBot,DEFEAT,0,4
803,RandomBot,DEFEAT,0,3
804,RandomBot,DEFEAT,0,3
805,RandomBot,DEFEAT,0,2
806,RandomBot,DEFEAT,0,6
807,RandomBot,DEFEAT,0,2
808,RandomBot,DEFEAT,0,4
809,RandomBot,VICTORY,0,1
810,RandomBot,VICTORY,0,4
811,RandomBot,DEFEAT,0,3
812,RandomBot,DEFEAT,0,2
813,RandomBot,DEFEAT,0,2
814,RandomBot,VICTORY,0,5
815,RandomBot,VICTORY,0,1
816,RandomBot,DEFEAT,0,2
817,RandomBot,VICTORY,0,5
818,RandomBot,DEFEAT,0,6
819,RandomBot,DEFEAT,0,3
820,RandomBot,DEFEAT,0,6
821,RandomBot,DEFEAT,0,2
822,RandomBot,VICTORY,0,1
823,RandomBot,DEFEAT,0,2
824,RandomBot,DEFEAT,0,1
825,RandomBot,DEFEAT,0,3
826,RandomBot,DEFEAT,0,2
827,RandomBot,DEFEAT,0,3
828,RandomBot,DEFEAT,0,3
829,RandomBot,DEFEAT,0,1
830,RandomBot,DEFEAT,0,3
831,RandomBot,DEFEAT,0,2
832,RandomBot,DEFEAT,0,8
833,RandomBot,DEFEAT,0,2
834,RandomBot,DEFEAT,0,3
835,RandomBot,DEFEAT,0,2
836,RandomBot,DEFEAT,0,3
837,RandomBot,DEFEAT,0,2
838,RandomBot,DEFEAT,0,2
839,RandomBot,DEFEAT,0,3
840,RandomBot,DEFEAT,0,3
841,RandomBot,VICTORY,0,1
842,RandomBot,DEFEAT,0,3
843,RandomBot,VICTORY,0,2
844,RandomBot,DEFEAT,0,4
845,RandomBot,DEFEAT,0,2
846,RandomBot,DEFEAT,0,2
847,RandomBot,DEFEAT,0,4
848,RandomBot,DEFEAT,0,5
849,RandomBot,VICTORY,0,1
850,RandomBot,DEFEAT,0,2
851,RandomBot,DEFEAT,0,2
852,RandomBot,DEFEAT,0,4
853,RandomBot,DEFEAT,0,2
854,RandomBot,DEFEAT,0,2
855,RandomBot,DEFEAT,0,3
856,RandomBot,DEFEAT,0,5
857,RandomBot,DEFEAT,0,3
858,RandomBot,VICTORY,0,2
859,RandomBot,DEFEAT,0,2
860,RandomBot,DEFEAT,0,1
861,RandomBot,DEFEAT,0,6
862,RandomBot,DEFEAT,0,4
863,RandomBot,DEFEAT,0,3
864,RandomBot,DEFEAT,0,1
865,RandomBot,DEFEAT,0,1
866,RandomBot,DEFEAT,0,2
867,RandomBot,DEFEAT,0,2
868,RandomBot,DEFEAT,0,2
869,RandomBot,DEFEAT,0,3
870,RandomBot,DEFEAT,0,4
871,RandomBot,VICTORY,0,1
872,RandomBot,DEFEAT,0,3
873,RandomBot,DEFEAT,0,2
874,RandomBot,DEFEAT,0,4
875,RandomBot,DEFEAT,0,2
876,RandomBot,DEFEAT,0,1
877,RandomBot,DEFEAT,0,4
878,RandomBot,DEFEAT,0,3
879,RandomBot,DEFEAT,0,3
880,RandomBot,DEFEAT,0,2
881,RandomBot,DEFEAT,0,2
882,RandomBot,DEFEAT,0,2
883,RandomBot,VICTORY,0,2
884,RandomBot,DEFEAT,0,3
885,RandomBot,VICTORY,0,4
886,RandomBot,DEFEAT,0,2
887,RandomBot,VICTORY,0,4
888,RandomBot,VICTORY,0,1
889,RandomBot,DEFEAT,0,2
890,RandomBot,DEFEAT,0,3
891,RandomBot,DEFEAT,0,2
892,RandomBot,DEFEAT,0,3
893,RandomBot,DEFEAT,0,4
894,RandomBot,DEFEAT,0,4
895,RandomBot,DEFEAT,0,4
896,RandomBot,DEFEAT,0,2
897,RandomBot,DEFEAT,0,3
898,RandomBot,VICTORY,0,4
899,RandomBot,DEFEAT,0,2
900,RandomBot,VICTORY,0,2
901,RandomBot,DEFEAT,0,2
902,RandomBot,DEFEAT,0,2
903,RandomBot,DEFEAT,0,3
904,RandomBot,DEFEAT,0,3
905,RandomBot,DEFEAT,0,3
906,RandomBot,DEFEAT,0,3
907,RandomBot,DEFEAT,0,2
908,RandomBot,DEFEAT,0,3
909,RandomBot,VICTORY,0,4
910,RandomBot,DEFEAT,0,2
911,RandomBot,VICTORY,0,2
912,RandomBot,DEFEAT,0,3
913,RandomBot,DEFEAT,0,5
914,RandomBot,DEFEAT,0,2
915,RandomBot,DEFEAT,0,2
916,RandomBot,DEFEAT,0,2
917,RandomBot,DEFEAT,0,2
918,RandomBot,DEFEAT,1,2
919,RandomBot,DEFEAT,0,3
920,RandomBot,DEFEAT,0,4
921,RandomBot,DEFEAT,0,5
922,RandomBot,DEFEAT,0,4
923,RandomBot,DEFEAT,0,4
924,RandomBot,DEFEAT,0,7
925,RandomBot,DEFEAT,0,3
926,RandomBot,DEFEAT,0,6
927,RandomBot,DEFEAT,0,2
928,RandomBot,DEFEAT,0,2
929,RandomBot,VICTORY,0,2
930,RandomBot,DEFEAT,0,3
931,RandomBot,DEFEAT,0,3
932,RandomBot,DEFEAT,0,5
933,RandomBot,DEFEAT,0,2
934,RandomBot,DEFEAT,0,3
935,RandomBot,DEFEAT,0,2
936,RandomBot,DEFEAT,0,2
937,RandomBot,DEFEAT,0,2
938,RandomBot,VICTORY,0,1
939,RandomBot,DEFEAT,0,2
940,RandomBot,DEFEAT,0,2
941,RandomBot,DEFEAT,0,4
942,RandomBot,DEFEAT,0,2
943,RandomBot,DEFEAT,0,1
944,RandomBot,VICTORY,0,3
945,RandomBot,DEFEAT,0,2
946,RandomBot,DEFEAT,0,2
947,RandomBot,DEFEAT,0,2
948,RandomBot,DEFEAT,0,3
949,RandomBot,VICTORY,0,3
950,RandomBot,DEFEAT,0,2
951,RandomBot,DEFEAT,0,3
952,RandomBot,DEFEAT,0,3
953,RandomBot,VICTORY,0,3
954,RandomBot,DEFEAT,0,4
955,RandomBot,VICTORY,0,1
956,RandomBot,DEFEAT,0,2
957,RandomBot,DEFEAT,0,4
958,RandomBot,DEFEAT,0,2
959,RandomBot,DEFEAT,0,6
960,RandomBot,DEFEAT,0,3
961,RandomBot,DEFEAT,0,2
962,RandomBot,DEFEAT,0,2
963,RandomBot,DEFEAT,0,1
964,RandomBot,DEFEAT,0,8
965,RandomBot,DEFEAT,0,3
966,RandomBot,DEFEAT,0,5
967,RandomBot,DEFEAT,0,4
968,RandomBot,VICTORY,0,1
969,RandomBot,DEFEAT,0,6
970,RandomBot,DEFEAT,0,2
971,RandomBot,DEFEAT,0,4
972,RandomBot,VICTORY,0,1
973,RandomBot,DEFEAT,0,3
974,RandomBot,DEFEAT,0,4
975,RandomBot,VICTORY,0,2
976,RandomBot,DEFEAT,0,6
977,RandomBot,VICTORY,0,1
978,RandomBot,DEFEAT,0,4
979,RandomBot,VICTORY,0,3
980,RandomBot,DEFEAT,0,2
981,RandomBot,VICTORY,0,3
982,RandomBot,DEFEAT,0,4
983,RandomBot,DEFEAT,0,2
984,RandomBot,DEFEAT,0,3
985,RandomBot,DEFEAT,0,2
986,RandomBot,DEFEAT,0,2
987,RandomBot,DEFEAT,0,2
988,RandomBot,DEFEAT,0,2
989,RandomBot,DEFEAT,0,3
990,RandomBot,DEFEAT,0,2
991,RandomBot,DEFEAT,0,2
992,RandomBot,DEFEAT,0,3
993,RandomBot,VICTORY,0,2
994,RandomBot,DEFEAT,0,2
995,RandomBot,DEFEAT,0,3
996,RandomBot,VICTORY,0,4
997,RandomBot,DEFEAT,0,4
998,RandomBot,DEFEAT,0,2
999,RandomBot,DEFEAT,0,2
1000,RandomBot,DEFEAT,0,1
